Species,Number,AA Len,Start Phase,End Phase,Chromosome,Start Coord,End Coord,Strand,Seq
hg38,1,56,0,0,chr7,114426512,114426679,+,"MMQESATETISNSSMNQNGMSTLSSQLDAGSRDGRSSGDTSSEVSTVELLHLQQQQ
"
panTro4,1,56,0,0,chr7,115900699,115900866,+,"MMQESATETISNSSMNQNGMSTLSSQLDAGSRDGRSSGDTSSEVSTVELLHLQQQQ
"
gorGor3,1,56,0,0,chr7,112306497,112306664,+,"MMQESATETISNSSMNQNGMSTLSSQLDAGSRDGRSSGDTSSEVSTVELLHLQQQQ
"
ponAbe2,1,56,0,0,chr7,110924212,110924379,+,"MMQESVTETISNSSMNQNGMSTLSSQLDAGSRDGRSSGDTSSEVSTVELLHLQQQQ
"
rheMac3,1,56,0,0,chr3,153222705,153222872,+,"MMQESATETISNSSMNQNGMSTLSSQLDAGSRDGRSSGDTSSEVSTVELLHLQQQQ
"
mm10,1,56,0,0,chr6,15196961,15197128,+,"MMQESATETISNSSMNQNGMSTLSSQLDAGSRDGRSSGDTSSEVSTVELLHLQQQQ
"
hg38,2,30,0,0,chr7,114534617,114534706,+,"ALQAARQLLLQQQTSGLKSPKSSDKQRPLQ
"
panTro4,2,30,0,0,chr7,116006842,116006931,+,"ALQAARQLLLQQQTSGLKSPKSSDKQRPLQ
"
gorGor3,2,30,0,0,chr7,112415116,112415205,+,"ALQAARQLLLQQQTSGLKSPKSSDKQRPLQ
"
ponAbe2,2,30,0,0,chr7,111031949,111032038,+,"ALQAARQLLLQQQTSGLKSPKSSDKQRPLQ
"
rheMac3,2,30,0,0,chr3,153326708,153326797,+,"ALQAARQLLLQQQTSGLKSPKSSDKQRPLQ
"
mm10,2,30,0,0,chr6,15286681,15286770,+,"ALQAARQLLLQQQTSGLKSPKSSEKQRPLQ
"
hg38,3,46,0,0,chr7,114628540,114628677,+,"VPVSVAMMTPQVITPQQMQQILQQQVLSPQQLQALLQQQQAVMLQQ
"
panTro4,3,46,0,0,chr7,116100850,116100987,+,"VPVSVAMMTPQVITPQQMQQILQQQVLSPQQLQALLQQQQAVMLQQ
"
gorGor3,3,46,0,0,chr7,112510181,112510318,+,"VPVSVAMMTPQVITPQQMQQILQQQVLSPQQLQALLQQQQAVMLQQ
"
ponAbe2,3,46,0,0,chr7,111129682,111129819,+,"VPVSVAMMTPQVITPQQMQQILQQQVLSPQQLQALLQQQQAVMLQQ
"
rheMac3,3,46,0,0,chr3,153421809,153421946,+,"VPVSVAMMTPQVITPQQMQQILQQQVLSPQQLQALLQQQQAVMLQQ
"
mm10,3,46,0,0,chr6,15376689,15376826,+,"VPVSVAMMTPQVITPQQMQQILQQQVLSPQQLQALLQQQQAVMLQQ
"
hg38,4,67,0,0,chr7,114629805,114630005,+,"QQLQEFYKKQQEQLHLQLLQQQQQQQQQQQQQQQQQQQQQQQQQQQQQQQQQQQQQQQQHPGKQAKE
"
panTro4,4,67,0,0,chr7,116102116,116102319,+,"QQLQEFYKKQQEQLHLQLLQQQQQQQQQQQQQQQQQQQQQQQQQQQQQQQQQQQQQQQQHPGKQAKE
"
gorGor3,4,67,0,0,chr7,112511446,112511559,+,"QQLQEFYKKQQEQLHLQLL-----------------------------QQQQQQQQQQQHPGKQAKE
"
ponAbe2,4,67,0,0,chr7,111130945,111131142,+,"QQLQEFYKKQQEQLHLQLL-QQQQQQQQQQQQQQQQQQQQQQQQQQQQQQQQQQQQQQQHPGKQAKE
"
rheMac3,4,67,0,0,chr3,153423086,153423199,+,"QQLQEFYKKQQEQLHLQL------------------------------QQQQQQQQQQQHPGKQAKE
"
mm10,4,67,0,0,chr6,15377888,15378088,+,"QQLQEFYKKQQEQLHLQLL-QQQQQQQQQQQQQQQQQQQQQQQQQQQQQQQQQQQQ--QHPGKQAKE
"
hg38,5,59,0,1,chr7,114631528,114631705,+,"QQQQQQQQQQLAAQQLVFQQQLLQMQQLQQQQHLLSLQRQGLISIPPGQAALPVQSLPQ
"
panTro4,5,59,0,1,chr7,116103835,116104012,+,"QQQQQQQQQQLAAQQLVFQQQLLQMQQLQQQQHLLSLQRQGLISIPPGQAALPVQSLPQ
"
gorGor3,5,59,0,1,chr7,112513080,112513257,+,"QQQQQQQQQQLAAQQLVFQQQLLQMQQLQQQQHLLSLQRQGLISIPPGQAALPVQSLPQ
"
ponAbe2,5,59,0,1,chr7,111132758,111132935,+,"QQQQQQQQQQLAAQQLVFQQQLLQMQQLQQQQHLLSLQRQGLISIPPGQAALPVQSLPQ
"
rheMac3,5,59,0,1,chr3,153424717,153424894,+,"QQQQQQQQQQLAAQQLVFQQQLLQMQQLQQQQHLLSLQRQGLISIPPGQAALPVQSLPQ
"
mm10,5,59,0,1,chr6,15379650,15379827,+,"QQQQQQQQQQLAAQQLVFQQQLLQMQQLQQQQHLLSLQRQGLISIPPGQAALPVQSLPQ
"
hg38,6,72,1,2,chr7,114642410,114642623,+,"AGLSPAEIQQLWKEVTGVHSMEDNGIKHGGLDLTTNNSSSTTSSNTSKASPPITHHSIVNGQSSVLSARRDS
"
panTro4,6,72,1,2,chr7,116114691,116114904,+,"AGLSPAEIQQLWKEVTGVHSMEDNGIKHGGLDLTTNNSSSTTSSTTSKASPPITHHSIVNGQSSVLNARRDS
"
ponAbe2,6,72,1,2,chr7,111143915,111144128,+,"AGLSPAEIQQLWKEVTGVHSMEDNGIKHGGLDLTTNNSSSTTSSTTSKASPPITHHSIVNGQSSVLNARRDS
"
rheMac3,6,72,1,2,chr3,153436357,153436570,+,"AGLSPAEIQQLWKEVTGVHSMEDNGIKHGGLDLTTNNSSSTTSSTTSKASPPITHHSIVNGQSSVLNARRDS
"
mm10,6,72,1,2,chr6,15394640,15394853,+,"AGLSPAEIQQLWKEVTGVHSMEDNGIKHGGLDLTTNNSSSTTSSTTSKASPPITHHSIVNGQSSVLNARRDS
"
hg38,7,35,2,2,chr7,114644685,114644789,+,"SSHEETGASHTLYGHGVCKWPGCESICEDFGQFLK
"
panTro4,7,35,2,2,chr7,116116958,116117062,+,"SSHEETGASHTLYGHGVCKWPGCESICEDFGQFLK
"
gorGor3,7,35,2,2,chr7,112525158,112525262,+,"SSHEETGASHTLYGHGVCKWPGCESICEDFGQFLK
"
ponAbe2,7,35,2,2,chr7,111146144,111146248,+,"SSHEETGASHTLYGHGVCKWPGCESICEDFGQFLK
"
rheMac3,7,35,2,2,chr3,153438284,153438388,+,"SSHEETGASHTLYGHGVCKWPGCESICEDFGQFLK
"
mm10,7,35,2,2,chr6,15396739,15396843,+,"SSHEETGASHTLYGHGVCKWPGCESICEDFGQFLK
"
hg38,8,29,2,0,chr7,114652203,114652290,+,"HLNNEHALDDRSTAQCRVQMQVVQQLEIQ
"
panTro4,8,29,2,0,chr7,116124447,116124534,+,"HLNNEHALDDRSTAQCRVQMQVVQQLEIQ
"
gorGor3,8,29,2,0,chr7,112532646,112532733,+,"HLNNEHALDDRSTAQCRVQMQVVQQLEIQ
"
ponAbe2,8,29,2,0,chr7,111154501,111154588,+,"HLNNEHALDDRSTAQCRVQMQVVQQLEIQ
"
rheMac3,8,29,2,0,chr3,153445817,153445904,+,"HLNNEHALDDRSTAQCRVQMQVVQQLEIQ
"
mm10,8,29,2,0,chr6,15403817,15403904,+,"HLNNEHALDDRSTAQCRVQMQVVQQLEIQ
"
hg38,9,28,0,0,chr7,114653926,114654009,+,"LSKERERLQAMMTHLHMRPSEPKPSPKP
"
panTro4,9,28,0,0,chr7,116126172,116126255,+,"LSKERERLQAMMTHLHMRPSEPKPSPKP
"
gorGor3,9,28,0,0,chr7,112534372,112534455,+,"LSKERERLQAMMTHLHMRPSEPKPSPKP
"
ponAbe2,9,28,0,0,chr7,111156220,111156303,+,"LSKERERLQAMMTHLHMRPSEPKPSPKP
"
rheMac3,9,28,0,0,chr3,153447526,153447609,+,"LSKERERLQAMMTHLHMRPSEPKPSPKP
"
mm10,9,28,0,0,chr6,15405559,15405642,+,"LSKERERLQAMMTHLHMRPSEPKPSPKP
"
hg38,10,67,0,1,chr7,114658066,114658267,+,"LNLVSSVTMSKNMLETSPQSLPQTPTTPTAPVTPITQGPSVITPASVPNVGAIRRRHSDKYNIPMSS
"
panTro4,10,67,0,1,chr7,116130302,116130503,+,"LNLVSSVTMSKNMLETSPQSLPQTPTTPTAPVTPITQGPSVITPASVPNVGAIRRRHSDKYNIPMSS
"
gorGor3,10,67,0,1,chr7,112538509,112538710,+,"LNLVSSVTMSKNMLETSPQSLPQTPTTPTAPVTPITQGPSVITPASVPNVGAIRRRHSDKYNIPMSS
"
ponAbe2,10,67,0,1,chr7,111160373,111160581,+,"LNLVSSVTMSKNMLETSPQSLPQTPTTPTAPVTPITQGPSVITPASVPNVGAIRRRHSDKYNIPHFS
"
rheMac3,10,67,0,1,chr3,153451670,153451871,+,"LNLVSSVTMSKNMLETSPQSLPQTPTTPTAPVTPITQGPSVITPASVPNVGAIRRRHSDKYNIPMSS
"
mm10,10,67,0,1,chr6,15409741,15409942,+,"LNLVSSVTMSKNMLETSPQSLPQTPTTPTAPVTPITQGPSVITPASVPNVGAIRRRHSDKYNIPMSS
"
hg38,11,26,1,0,chr7,114659356,114659432,+,"EIAPNYEFYKNADVRPPFTYATLIRQ
"
panTro4,11,26,1,0,chr7,116131592,116131668,+,"EIAPNYEFYKNADVRPPFTYATLIRQ
"
gorGor3,11,26,1,0,chr7,112539799,112539875,+,"EIAPNYEFYKNADVRPPFTYATLIRQ
"
ponAbe2,11,26,1,0,chr7,111161918,111161994,+,"EIAPNYEFYKNADVRPPFTYATLIRQ
"
rheMac3,11,26,1,0,chr3,153452962,153453038,+,"EIAPNYEFYKNADVRPPFTYATLIRQ
"
mm10,11,26,1,0,chr6,15411026,15411102,+,"EIAPNYEFYKNADVRPPFTYATLIRQ
"
hg38,12,34,0,0,chr7,114659572,114659673,+,"AIMESSDRQLTLNEIYSWFTRTFAYFRRNAATWK
"
panTro4,12,34,0,0,chr7,116131808,116131909,+,"AIMESSDRQLTLNEIYSWFTRTFAYFRRNAATWK
"
gorGor3,12,34,0,0,chr7,112540015,112540116,+,"AIMESSDRQLTLNEIYSWFTRTFAYFRRNAATWK
"
ponAbe2,12,34,0,0,chr7,111162134,111162235,+,"AIMESSDRQLTLNEIYSWFTRTFAYFRRNAATWK
"
rheMac3,12,34,0,0,chr3,153453178,153453279,+,"AIMESSDRQLTLNEIYSWFTRTFAYFRRNAATWK
"
mm10,12,34,0,0,chr6,15411242,15411343,+,"AIMESSDRQLTLNEIYSWFTRTFAYFRRNAATWK
"
hg38,13,41,0,2,chr7,114662065,114662186,+,"NAVRHNLSLHKCFVRVENVKGAVWTVDEVEYQKRRSQKITG
"
panTro4,13,41,0,2,chr7,116134306,116134427,+,"NAVRHNLSLHKCFVRVENVKGAVWTVDEVEYQKRRSQKITG
"
gorGor3,13,41,0,2,chr7,112542511,112542632,+,"NAVRHNLSLHKCFVRVENVKGAVWTVDEVEYQKRRSQKITG
"
ponAbe2,13,41,0,2,chr7,111164628,111164749,+,"NAVRHNLSLHKCFVRVENVKGAVWTVDEVEYQKRRSQKITG
"
rheMac3,13,41,0,2,chr3,153455795,153455916,+,"NAVRHNLSLHKCFVRVENVKGAVWTVDEVEYQKRRSQKITG
"
mm10,13,41,0,2,chr6,15413801,15413922,+,"NAVRHNLSLHKCFVRVENVKGAVWTVDEVEYQKRRSQKITG
"
hg38,14,23,2,0,chr7,114663450,114663519,+,"SPTLVKNIPTSLGYGAALNASLQ
"
panTro4,14,23,2,0,chr7,116135690,116135759,+,"SPTLVKNIPTSLGYGAALNASLQ
"
gorGor3,14,23,2,0,chr7,112543898,112543967,+,"SPTLVKNIPTSLGYGAALNASLQ
"
ponAbe2,14,23,2,0,chr7,111166056,111166125,+,"SPTLVKNIPTSLGYGAALNASLQ
"
rheMac3,14,23,2,0,chr3,153457177,153457246,+,"SPTLVKNIPTSLGYGAALNASLQ
"
mm10,14,23,2,0,chr6,15415035,15415104,+,"SPTLVKNIPTSLGYGAALNASLQ
"
hg38,15,55,0,2,chr7,114664273,114664436,+,"AALAESSLPLLSNPGLINNASSGLLQAVHEDLNGSLDHIDSNGNSSPGCSPQPHI
"
panTro4,15,55,0,2,chr7,116136513,116136676,+,"AALAESSLPLLSNPGLINNASSGLLQAVHEDLNGSLDHIDSNGNSSPGCSPQPHI
"
gorGor3,15,55,0,2,chr7,112544728,112544891,+,"AALAESSLPLLSNPGLINNASSGLLQAVHEDLNGSLDHIDSNGNSSPGCSPQPHI
"
ponAbe2,15,55,0,2,chr7,111166881,111167044,+,"AALAESSLPLLSNPGLINNASSGLLQAVHEDLNGSLDHIDSNGNSSPGCSPQPHI
"
rheMac3,15,55,0,2,chr3,153458018,153458181,+,"AALAESSLPLLSNPGLINNASSGLLQAVHEDLNGSLDHIDSNGNSSPGCSPQPHI
"
mm10,15,55,0,2,chr6,15415870,15416033,+,"AALAESSLPLLSNPGLINNASSGLLQAVHEDLNGSLDHIDSNGNSSPGCSPQPHI
"
hg38,16,48,2,0,chr7,114689782,114689926,+,"HSIHVKEEPVIAEDEDCPMSLVTTANHSPELEDDREIEEEPLSEDLEZ
"
panTro4,16,48,2,0,chr7,116162214,116162358,+,"HSIHVKEEPVIAEDEDCPMSLVTTANHSPELEDDREIEEEPLSEDLEZ
"
gorGor3,16,48,2,0,chr7,112570271,112570415,+,"HSIHVKEEPVIAEDEDCPMSLVTTANHSPELEDDREIEEEPLSEDLEZ
"
ponAbe2,16,48,2,0,chr7,111193476,111193620,+,"HSIHVKEEPVIAEDEDCPMSLVTTANHSPELEDDREIEEEPLSEDLEZ
"
rheMac3,16,48,2,0,chr3,153483915,153484059,+,"HSIHVKEEPVIAEDEDCPMSLVTTANHSPELEDDREIEEEPLSEDLEZ
"
mm10,16,48,2,0,chr6,15437877,15438021,+,"HSIHVKEEPVIAEDEDCPMSLVTTANHSPELEDDREIEEEPLSEDLEZ
"
pteAle1,1,56,0,0,KB030581,21274489,21274656,-,"MMQESATETISNSSMNQNGMSTLSSQLDAGSRDGRSSGDTSSEVSTVELLHLQQQQ
"
pteVam1,1,56,0,0,scaffold_8877,44805,44972,+,"MMQESATETISNSSMNQNGMSTLSSQLDAGSRDGRSSGDTSSEVSTVELLHLQQQQ
"
eptFus1,1,56,0,0,JH977689,1600528,1600695,+,"MMQESATETISNSSMNQNGMSTLSSQLDAGSRDGRSSGDTSSEVSTVELLHLQQQQ
"
myoDav1,1,56,0,0,KB113175,247243,247410,+,"MMQESATETISNSSMNQNGMSTLSSQLDAGSRDGRSSGDTSSEVSTVELLHLQQQQ
"
myoLuc2,1,56,0,0,GL429938,1235868,1236035,+,"MMQESATETISNSSMNQNGMSTLSSQLDAGSRDGRSSGDTSSEVSTVELLHLQQQQ
"
oryLat2,1,56,0,0,chr5:4944572-4944634+;chr23,4574097,4574198,-,"-MRESGMEVMGNGPASQNG-S--SSQLEAGSRDGRSSGDTSSEVSTVELLHLQQQQ
"
pteAle1,2,30,0,0,KB030581,21190051,21190140,-,"ALQAARQLLLQQQTSGLKSPKSSDKQRPLQ
"
eptFus1,2,30,0,0,JH977689,1710581,1710670,+,"ALQAARQLLLQQQTSGLKSPKSSDKQRPLQ
"
myoDav1,2,30,0,0,KB113175,377421,377510,+,"ALQAARQLLLQQQTSGLKSPKSSDKQRPLQ
"
myoLuc2,2,30,0,0,GL429938,1353078,1353167,+,"ALQAARQLLLQQQTSGLKSPKSSDKQRPLQ
"
pteAle1,3,46,0,0,KB030581,21106305,21106442,-,"VPVSVAMMTPQVITPQQMQQILQQQVLSPQQLQALLQQQQAVMLQQ
"
pteVam1,3,46,0,0,scaffold_2515,118125,118262,+,"VPVSVAMMTPQVITPQQMQQILQQQVLSPQQLQALLQQQQAVMLQQ
"
eptFus1,3,46,0,0,JH977689,1809599,1809736,+,"VPVSVAMMTPQVITPQQMQQILQQQVLSPQQLQALLQQQQAVMLQQ
"
myoDav1,3,46,0,0,KB113175,470567,470704,+,"VPVSVAMMTPQVITPQQMQQILQQQVLSPQQLQALLQQQQAVMLQQ
"
myoLuc2,3,46,0,0,GL429938,1446035,1446172,+,"VPVSVAMMTPQVITPQQMQQILQQQVLSPQQLQALLQQQQAVMLQQ
"
oryLat2,3,46,0,0,chr23,4536704,4536841,-,"VPVSVAMMSPQVITPQQMQQILQQQVLSPQQLQALLQQQQAVMLQQ
"
pteAle1,4,67,0,0,KB030581,21104990,21105169,-,"QQLQEFYKKQQEQLHLQLL-QQQQQQQQQQQQQQQQQQQQQQQQQ-----QQQQQQ---HPGKQAKE
"
pteVam1,4,67,0,0,scaffold_2515,119402,119581,+,"QQLQEFYKKQQEQLHLQLL-QQQQQQQQQQQQQQQQQQQQQQQQQ-----QQQQQQ---HPGKQAKE
"
eptFus1,4,67,0,0,JH977689,1810805,1811002,+,"QQLQEFYKKQQEQLHLQLL-QQQQQQQQQQQQQQQQQQQQQQQQQ-----QQQQQQQQQHPGKQVKE
"
myoDav1,4,67,0,0,KB113175,471782,471976,+,"QQLQEFYKKQQEQLHLQLL-QQQQQQQQQQQQQQQQQQQQQQQQQ-----QQQQQQQQQHPGKQVKE
"
myoLuc2,4,67,0,0,GL429938,1447250,1447444,+,"QQLQEFYKKQQEQLHLQLL-QQQQQQQQQQQQQQQQQQQQQQQQQ-----QQQQQQQQQHPGKQVKE
"
oryLat2,4,67,0,0,chr23,4534524,4534683,-,"QHLQEFYKKQQEQLHLQLL-QQQ-------KQHH-QQQNTQQSCLKLQSQ-----------------
"
pteAle1,5,59,0,1,KB030581,21103233,21103476,-,"---QQQQQQQLAAQQLVFQQQLLQMQQLQQQQHLLSLQRQGLISIPPGQAALPVQSLPQ
"
pteVam1,5,59,0,1,scaffold_2515,121096,121357,+,"---QQQQQQQLAAQQLVFQQQLLQMQQLQQQQHLLSLQRQGLISIPPGQAALPVQSLPQ
"
eptFus1,5,59,0,1,JH977689,1812497,1812677,+,"---QQQQQQQLAAQQLVFQQQLLQMQQLQQQQHLLSLQRQGLISIPPGQAALPVQSLPQ
"
myoDav1,5,59,0,1,KB113175,473480,473666,+,"---QQQQQQQLAAQQLVFQQQLLQMQQLQQQQHLLSLQRQGLISIPPGQAALPVQSLPQ
"
myoLuc2,5,59,0,1,GL429938,1448940,1449129,+,"---QQQQQQQLAAQQLVFQQQLLQMQQLQQQQHLLSLQRQGLISIPPGQAALPVQSLPQ
"
oryLat2,5,59,0,1,chr5,5001920,5001961,+,"------------------------------------------------QLTLCLQQLT-
"
pteAle1,6,72,1,2,KB030581,21093074,21093287,-,"AGLSPAEIQQLWKEVTGVHSMEDNGIKHGGLDLTTNNSSSTTSSTTSKVSPPITHHSIVNGQSSLLNARRDS
"
pteVam1,6,72,1,2,scaffold_2515,131015,131228,+,"AGLSPAEIQQLWKEVAGVHSMEDNGIKHGGLDLTTNNSSSTTSSTTSKVSPPITHHSIVNGQSSLLNARRDS
"
eptFus1,6,72,1,2,JH977689,1828462,1828675,+,"AGLSPAEIQQLWKEVTGVHSMEDNGIKHGGLDLTTNNSSLTTSPTTSKASPPITHHSIVNGQSSVLNTRRDS
"
myoDav1,6,72,1,2,KB113175,485307,485520,+,"AGLSPAEIQQLWKEVTGVHSMEDNGIKHGGLDLTTNNSSLTTSPTTSKASPPITHHSIVNGQSSVLNTRRDS
"
myoLuc2,6,72,1,2,GL429938,1460537,1460750,+,"AGLSPAEIQQLWKEVTGVHSMEDNGIKHGGLDLTTNNSSLTTSPTTSKASPPITHHSMVNGQSSVLNTRRDS
"
oryLat2,6,72,1,2,chr23,4530290,4530554,-,"GGLSPAELQQLWKDVTGGHSMEENGIKHSGGDLTTSNTSSTTSSSNPKASPPISHHSLTNGQSPALNHRR--
"
pteAle1,7,35,2,2,KB030581,21091331,21091435,-,"SSHEETGASHTLYGHGVCKWPGCESICEDFGQFLK
"
pteVam1,7,35,2,2,scaffold_2515,132869,132973,+,"SSHEETGASHTLYGHGVCKWPGCESICEDFGQFLK
"
eptFus1,7,35,2,2,JH977689,1830197,1830301,+,"SSHEETGASHTLYGHGVCKWPGCESICEDFGQFLK
"
myoDav1,7,35,2,2,KB113175,489213,489317,+,"SSHEETGASHTLYGHGVCKWPGCESICEDFGQFLK
"
myoLuc2,7,35,2,2,GL429938,1464208,1464312,+,"SSHEETGASHTLYGHGVCKWPGCESICEDFGQFLK
"
oryLat2,7,35,2,2,chr23,4527378,4527482,-,"SLHEENGGTHPLYGHGVCKWPGCENICDDFGQFLK
"
pteAle1,8,29,2,0,KB030581,21083915,21084002,-,"HLNNEHALDDRSTAQCRVQMQVVQQLEIQ
"
pteVam1,8,29,2,0,scaffold_2515,139464,139551,+,"HLNNEHALDDRSTAQCRVQMQVVQQLEIQ
"
eptFus1,8,29,2,0,JH977689,1836781,1836868,+,"HLNNEHALDDRSTAQCRVQMQVVQQLEIQ
"
myoDav1,8,29,2,0,KB113175,498036,498123,+,"HLNNEHALDDRSTAQCRVQMQVVQQLEIQ
"
myoLuc2,8,29,2,0,GL429938,1471293,1471380,+,"HLNNEHALDDRSTAQCRVQMQVVQQLEIQ
"
oryLat2,8,29,2,0,chr23,4517896,4517983,-,"HLNNEHALDDRSTAQCRVQMQVVQQLEIQ
"
pteAle1,9,28,0,0,KB030581,21082203,21082286,-,"LSKERERLQAMMTHLHMRPSEPKPSPKP
"
pteVam1,9,28,0,0,scaffold_2515,141175,141258,+,"LSKERERLQAMMTHLHMRPSEPKPSPKP
"
eptFus1,9,28,0,0,JH977689,1838522,1838605,+,"LSKERERLQAMMTHLHMRPSEPKPSPKP
"
myoDav1,9,28,0,0,KB113175,499775,499858,+,"LSKERERLQAMMTHLHMRPSEPKPSPKP
"
myoLuc2,9,28,0,0,GL429938,1473006,1473089,+,"LSKERERLQAMMTHLHMRPSEPKPSPKP
"
oryLat2,9,28,0,0,chr23,4516627,4516710,-,"LSKERERLQAMMTHLHMRPSEPKSSPKP
"
pteAle1,10,67,0,1,KB030581,21077882,21078083,-,"LNLVSSVTMSKNMLETSPQSLPQTPTTPTAPVTPITQGPSVITPASVPNVGAIRRRHSDKYNIPMSS
"
pteVam1,10,67,0,1,scaffold_2515,145587,145788,+,"LNLVSSVTMSKNMLETSPQSLPQTPTTPTAPVTPITQGPSVITPASVPNVGAIRRRHSDKYNIPMSS
"
eptFus1,10,67,0,1,JH977689,1842771,1842972,+,"LNLVSSVTMSKNMLETSPQSLPQTPTTPTAPVTPITQGPSVITPASVPNVGAIRRRHSDKYNIPMSS
"
myoDav1,10,67,0,1,KB113175,503979,504180,+,"LNLVSSVTMSKNMLETSPQSLPQTPTTPTAPVTPITQGPSVITPASVPNVGAIRRRHSDKYNIPMSS
"
myoLuc2,10,67,0,1,GL429938,1477213,1477414,+,"LNLVSSVTMSKNMLETSPQSLPQTPTTPTAPVTPITQGPSVITPASVPNVGAIRRRHSDKYNIPMSS
"
oryLat2,10,67,0,1,chr5,5032079,5032283,+,"LNLVSSVTLSK-QPQTPPLSLPQTPTTPTAPLTPLSQTHSVITPNSLHNVGSIRRRYSEKYNMPISP
"
pteAle1,11,26,1,0,KB030581,21076745,21076821,-,"EIAPNYEFYKNADVRPPFTYATLIRQ
"
pteVam1,11,26,1,0,scaffold_2515,146849,146925,+,"EIAPNYEFYKNADVRPPFTYATLIRQ
"
eptFus1,11,26,1,0,JH977689,1844035,1844111,+,"EIAPNYEFYKNADVRPPFTYATLIRQ
"
myoDav1,11,26,1,0,KB113175,505224,505300,+,"EIAPNYEFYKNADVRPPFTYATLIRQ
"
myoLuc2,11,26,1,0,GL429938,1478449,1478525,+,"EIAPNYEFYKNADVRPPFTYATLIRQ
"
oryLat2,11,26,1,0,chr23,4509682,4509758,-,"EIAPNYEFYKNADVRPPFTYATLIRQ
"
pteAle1,12,34,0,0,KB030581,21076504,21076605,-,"AIMESSDRQLTLNEIYSWFTRTFAYFRRNAATWK
"
pteVam1,12,34,0,0,scaffold_2515,147065,147166,+,"AIMESSDRQLTLNEIYSWFTRTFAYFRRNAATWK
"
eptFus1,12,34,0,0,JH977689,1844251,1844352,+,"AIMESSDRQLTLNEIYSWFTRTFAYFRRNAATWK
"
myoDav1,12,34,0,0,KB113175,505439,505540,+,"AIMESSDRQLTLNEIYSWFTRTFAYFRRNAATWK
"
myoLuc2,12,34,0,0,GL429938,1478663,1478764,+,"AIMESSDRQLTLNEIYSWFTRTFAYFRRNAATWK
"
oryLat2,12,34,0,0,chr23,4509425,4509526,-,"AIMDSADMQLTLNEIYSWFTRTFAYFRRNAATWK
"
pteAle1,13,41,0,2,KB030581,21074002,21074123,-,"NAVRHNLSLHKCFVRVENVKGAVWTVDEVEYQKRRSQKITG
"
pteVam1,13,41,0,2,scaffold_2515,149544,149665,+,"NAVRHNLSLHKCFVRVENVKGAVWTVDEVEYQKRRSQKITG
"
eptFus1,13,41,0,2,JH977689,1846724,1846845,+,"NAVRHNLSLHKCFVRVENVKGAVWTVDEVEYQKRRSQKITG
"
myoDav1,13,41,0,2,KB113175,507910,508031,+,"NAVRHNLSLHKCFVRVENVKGAVWTVDEVEYQKRRSQKITG
"
myoLuc2,13,41,0,2,GL429938,1481130,1481251,+,"NAVRHNLSLHKCFVRVENVKGAVWTVDEVEYQKRRSQKITG
"
oryLat2,13,41,0,2,chr23,4507855,4507976,-,"NAVRHNLSLHKCFVRVENVKGAVWTVDEVEYQKRRSQKITG
"
pteAle1,14,23,2,0,KB030581,21072705,21072774,-,"SPTLVKNIPTSLGYGAALNASLQ
"
pteVam1,14,23,2,0,scaffold_2515,150886,150955,+,"SPTLVKNIPTSLGYGAALNASLQ
"
eptFus1,14,23,2,0,JH977689,1848083,1848152,+,"SPTLVKNIPTSLGYGAALNASLQ
"
myoDav1,14,23,2,0,KB113175,509275,509344,+,"SPTLVKNIPTSLGYGAALNASLQ
"
myoLuc2,14,23,2,0,GL429938,1482492,1482561,+,"SPTLVKNIPTSLGYGAALNASLQ
"
oryLat2,14,23,2,0,chr23,4506930,4506999,-,"SPSLVKNLPSSLGYGNALNASLQ
"
pteAle1,15,55,0,2,KB030581,21071770,21071933,-,"AALAESSLPLLSNPGLINNASSGLLQAVHEDLNGSLDHIDSNGNSSPGCSPQPHI
"
pteVam1,15,55,0,2,scaffold_2515,151727,151890,+,"AALAESSLPLLSNPGLINNASSGLLQAVHEDLNGSLDHIDSNGNSSPGCSPQPHI
"
eptFus1,15,55,0,2,JH977689,1848927,1849090,+,"AALAESSLPLLSNPGLINNASSGLLQAVHEDLNGSLDHMDSNGNSSPGCSPQPHI
"
myoDav1,15,55,0,2,KB113175,510121,510284,+,"AALAESSLPLLSNPGLINNASSGLLQAVHEDLNGSLDHMDSNGNSSPGCSPQPHI
"
myoLuc2,15,55,0,2,GL429938,1483335,1483498,+,"AALAESSLPLLSNPGLINNASSGLLQAVHEDLNGSLDHMDSNGNSSPGCSPQPHI
"
oryLat2,15,55,0,2,chr23,4506022,4506350,-,"AALAETSLPLLGNPGLMSSASPG-VAD-GHEDNGTLDHLDTNGHGSPGYSPSAHM
"
pteAle1,16,48,2,0,KB030581,21041666,21041810,-,"HSIHVKEEPVIAEDEDCPMSLVTTANHSPELEDDREIEEEPLSEDLEZ
"
pteVam1,16,48,2,0,scaffold_2515,179898,180042,+,"HSIHVKEEPVIAEDEDCPMSLVTTANHSPELEDDREIEEEPLSEDLEZ
"
eptFus1,16,48,2,0,JH977689,1877394,1877538,+,"HSIHVKEEPVIAEDEDCPVSLVTTANHSPELEDDREIEEEPLSEDLEZ
"
myoDav1,16,48,2,0,KB113175,537807,537951,+,"HSIHVKEEPVMAEDEDCPVSLVTTANHSPELEDDREIEEEPLSEDLEZ
"
myoLuc2,16,48,2,0,GL429938,1509525,1509669,+,"HSIHVKEEPVMAEDEDCPVSLVTTANHSPELEDDREIEEEPLSEDLEZ
"
oryLat2,16,48,2,0,chr23,4499132,4499276,-,"PSVRVKEEPLNMDDDDCPMSLVTTANHSPELEDDRELEEGNLSEDLEZ
"
